driverId,name,ssn,location,certified,wage-plan
10,Jeremiah Robinson,778-53-3433,"36054 Smith Club Suite 166
Brianmouth, ME 87131",N,hours
11,Christina Pope,212-35-4787,"878 Bridges Greens Apt. 829
Harperport, DC 94204",N,hours
12,Angela Mckinney,734-98-1050,"158 Ellis Mount
Dalemouth, MO 40660",Y,miles
13,Michael Paul,269-88-0222,"812 Hudson Canyon Suite 541
Lake Rickyville, CO 95883",Y,miles
14,Jodi Parsons,078-49-9811,"474 Clark Lodge Suite 152
East Erinside, OR 67642",N,miles
15,Madison Bautista,510-56-3112,"8228 Duarte Via
Harmonhaven, AR 92835",Y,miles
16,Jeff Aguirre,088-01-2103,"4580 Lisa Freeway
Kathrynborough, LA 10107",Y,hours
17,Mark Malone,294-28-6384,"7769 Hood Lake Suite 563
Thomasport, MS 57242",N,hours
18,Debra Powers,801-56-0012,"08741 John Dam Apt. 671
Timothymouth, KS 33122",Y,miles
19,Gregory Hoffman,820-17-4709,"648 Earl Hills
Juanmouth, WV 76702",N,hours
20,David Rogers,039-26-6404,"073 Patton Ramp
Lake Melissa, SD 19282",N,miles
21,Amy Ramirez,129-39-6394,"88027 Victor Ranch
New Jenniferville, MS 71234",N,hours
22,Rebecca Moore,181-81-0090,"1010 Martin Circles Suite 480
Jeffreyland, WV 96069",N,hours
23,Tristan Dillon,165-64-1778,"885 James Squares
Thomasfort, PW 79311",N,hours
24,Scott Yates,067-86-1135,"746 Nicole Mission
Campbellborough, GA 60500",Y,hours
25,Deborah Jones,567-24-9373,"870 Howard Dam Suite 916
Suttonstad, SD 46320",Y,hours
26,Jeffrey Daniels,876-53-7964,"9719 Melissa Roads
Fordland, NV 30648",N,miles
27,Daniel Lee,149-69-4875,"715 Howell Way Suite 702
Lake Benjamin, DC 52489",N,miles
28,Jacob Brown,208-65-8899,"908 Munoz Inlet
Lisafurt, TX 54653",Y,miles
29,Patricia Garcia,543-24-3854,"USNS King
FPO AA 91545",N,miles
30,Bryan Osborne,598-43-1417,"16718 Christopher Center Apt. 732
Danielshire, OH 88784",N,miles
31,Kimberly Garcia,237-74-0188,"52672 Munoz Overpass Suite 042
East Laurastad, VA 20033",Y,hours
32,Kevin Jones,677-52-2939,"79768 Morgan Forges
North Diana, HI 67668",N,hours
33,Mark Scott,453-68-8129,"338 Munoz Locks
New Alextown, SD 18923",N,miles
34,Donna Dawson,898-19-7562,"4000 Arnold Rapid
Willisview, AS 71489",N,hours
35,Steven Johnston,511-17-5599,"6205 Jesse Flat
South Michael, AR 94368",Y,hours
36,Samantha Hawkins,060-84-3076,"00733 Desiree Stravenue Suite 450
West Erikafort, MD 86147",Y,miles
37,Susan Thomas,632-86-0379,"6975 White Tunnel
Ellisstad, MD 27657",Y,hours
38,Carolyn Herrera,732-30-0440,"4460 Monica Harbors Suite 147
Zavalamouth, MP 02424",Y,hours
39,Regina Neal,554-79-1114,"680 James Trail Suite 621
Nathanielton, NH 29355",N,hours
40,Lisa Vega,368-32-8423,"7480 Matthew Inlet Apt. 837
Wadeside, CA 44063",N,hours
41,Rhonda Smith,827-27-9967,"3447 Emily Estates
Allenbury, CA 73661",Y,hours
42,Ryan Gordon,257-72-5513,"983 Joseph Squares Suite 182
Gabrielside, WV 77056",N,hours
43,Monica Martin,198-88-5115,"119 Perry Union Apt. 811
West Andrew, MP 67637",N,hours
44,Tyler Cook,404-19-8725,"25487 Coleman Prairie
Lake Mariaberg, CT 05762",Y,miles
45,Cynthia Jones,670-09-4746,"3656 Harper Plain Suite 608
New John, AK 39107",N,miles
46,Jason Nelson,788-39-3745,"112 Moore Underpass Apt. 580
Lake Kristina, WA 81009",N,miles
47,Connor Joseph,472-15-2379,"000 Tim Pine
West James, PA 30523",Y,hours
48,Mr. Tanner Nelson Jr.,050-31-1231,"230 Jones Rapids
Tiffanyfurt, NC 05894",N,hours
49,Timothy Garcia,462-90-5742,"999 Karen Cliff Suite 737
West Thomas, ID 44355",N,miles
50,Julie Anderson DDS,745-46-9852,"21230 Jeremy Court Apt. 644
Jenniferchester, AL 82741",Y,miles
51,Andrea Malone,495-82-1340,"978 Johnson Run
New Michelleton, WA 33588",N,hours
52,Andrew Salinas,465-57-4111,"731 Mitchell Drive Suite 166
South Jennifer, MN 60215",Y,hours
53,Brad Marquez,179-42-7304,"64418 Tyler Isle Suite 136
Ronaldhaven, WI 50034",Y,miles
54,Dr. Linda Rollins,254-92-5096,"378 Anthony Greens Suite 591
Scottville, NC 34009",Y,hours
55,Anthony Williams,589-58-5092,"1249 Friedman Overpass
New Tim, NE 85768",N,hours
56,Austin Fleming,233-79-5819,"3346 Garrett Mills
South Brian, OK 14070",Y,miles
57,Michelle Wilson,893-37-5920,"62662 Scott Stream Apt. 271
Simmonsville, SC 54186",N,hours
58,Stephanie Olsen,321-58-3130,"411 Romero Hollow Apt. 249
Andreaview, CA 29445",N,hours
59,Marisa Wells,526-79-5880,"USS Byrd
FPO AA 55080",N,hours
60,Jordan Gilbert,876-10-4303,"126 Antonio Oval
Bethanymouth, MA 75653",N,miles
61,Angelica Solomon,859-74-5544,"604 Brianna Walks
New Lawrence, MT 39215",Y,miles
62,Joel Lopez,856-89-5755,"832 Dyer Prairie Apt. 881
East Julie, WA 26613",Y,miles
63,Jerome Mcclure,656-71-2130,"987 Wendy Harbor Apt. 560
Hensleyside, AS 72270",Y,miles
64,Michelle Hendrix,502-12-7662,"174 Scott Plains
Jonathanville, IN 31526",N,hours
65,Benjamin Green,345-69-1439,"655 Gibson Street
Port Olivia, CO 06000",Y,miles
66,Timothy Walton,816-66-3187,"5884 Morgan Centers
Mariatown, ND 47121",N,hours
67,Nicole Rios,110-12-6637,"USCGC Franklin
FPO AP 85799",N,hours
68,Daniel Willis,846-79-1813,"041 Abigail Passage Apt. 534
South Erikaview, MO 47297",Y,hours
69,Dana Austin,263-48-2916,"129 Peterson Groves Suite 098
Stevensonton, IA 78590",Y,miles
70,Timothy Roberts,384-60-8710,"274 James Forges
East Anthonymouth, ID 65006",Y,hours
71,Kimberly Perry,538-05-2950,"Unit 2773 Box 7927
DPO AA 39458",Y,hours
72,Andrew Stevenson,683-89-1265,"7562 Henderson Field Suite 384
North Tonyfort, MO 42159",Y,miles
73,Dan Stein,665-56-8605,"111 Samuel Freeway Suite 009
Huntermouth, LA 00754",N,miles
74,Steven Johnson,681-45-0141,"11270 Luke Creek Apt. 518
Lake Krystalstad, KS 22833",N,hours
75,Kimberly Garcia,400-36-8690,"Unit 3972 Box 5312
DPO AP 62075",Y,hours
76,Debra Richardson,655-12-4340,"PSC 2108, Box 5680
APO AE 65224",Y,miles
77,John Evans,461-28-1142,"844 Washington Drives Apt. 337
Maryton, DC 26840",N,hours
78,Amanda Best,225-59-0032,"0076 Shaw Parkway
Davisberg, NY 34631",N,miles
79,Jennifer Singleton,751-88-6717,"USS Gray
FPO AA 57231",N,hours
80,Matthew Jenkins,089-25-9855,"1151 Powell Junction
Wadechester, SC 85371",Y,miles
81,Lauren Mcconnell,043-11-4118,"987 Steven Hill Suite 675
West Brianna, IA 41617",N,miles
82,Amy Murray,616-03-0628,"8131 John Trafficway
New Jack, CT 49282",N,miles
83,Mrs. Carol Sharp DVM,779-18-2621,"USS Waters
FPO AE 32085",N,hours
84,Tina Wells,570-17-0890,"409 Williams Ridges
Mcdonaldfort, ND 44878",Y,miles
85,Linda Martin,151-44-3432,"031 Price Glens Apt. 771
Blanchardborough, CO 45298",Y,miles
86,Aaron Duran,223-62-4657,"652 Anthony Pines
Beckyport, VA 03120",N,miles
87,Courtney Bradley,309-44-3343,"74790 Matthew Plaza
New Laura, NJ 15854",Y,hours
88,Jessica Mendez PhD,812-19-4411,"275 Wiley Springs
Donovanchester, VT 77767",Y,miles
89,Veronica Harper,195-13-3930,"974 Sara Locks
Bryanbury, WA 64785",Y,hours
90,Richard Johnson,535-12-9078,"297 Kevin Pines Suite 816
Lorihaven, SD 16362",N,miles
91,Kelli Kelly,491-01-6009,"07539 Jennifer Mall Apt. 042
South Charles, MD 62575",N,miles
92,David Medina,222-89-3967,"0175 Booker Fork
Lake Ryanstad, PW 85033",N,hours
93,Tristan Decker,101-27-8879,"3118 White Circle Suite 838
Hensleyton, ID 88066",Y,hours
94,Anthony Walker,498-79-0858,"USS Glover
FPO AA 32532",N,hours
95,Angela Juarez,070-83-0757,"Unit 2776 Box 0287
DPO AA 22090",Y,hours
96,Brianna Brown,395-79-7770,"0549 Larsen Divide
Gilbertfurt, RI 87718",N,hours
97,Claudia Carr,214-56-3476,"159 Robert Station
Ritterborough, MH 02760",Y,hours
98,Spencer Crane,046-29-2398,"0439 Moore Springs
Francishaven, RI 36154",N,hours
99,Angel Stephens,243-21-3716,"7412 Patel Plains
South Nicolemouth, TX 72696",Y,hours
100,Mary Davidson,704-85-4033,"7767 Patricia Roads Suite 949
East Codyfurt, UT 22872",N,hours
101,Lauren Acosta,395-23-4304,"493 Lauren Square
Wendyland, AK 06516",Y,miles
102,Kari Jackson,609-83-3697,"7382 Dominique Locks Apt. 333
North Nicholas, IA 11371",Y,miles
103,John Wright,276-46-2157,"47109 Elizabeth Orchard Apt. 933
Gabrielleview, FM 86448",N,hours
104,Scott Keith,742-96-7934,"316 Michael Glen Suite 805
Samanthashire, MO 67376",Y,hours
105,Douglas Torres,847-04-6615,"62057 Randy Cliff Apt. 078
Caseside, TX 08215",Y,miles
106,William Goodman,447-41-3695,"012 Thomas Ridges
West Jasmine, AL 14242",N,miles
107,Scott Hill,057-91-4803,"840 Stout Wall Suite 495
Tiffanyville, WI 27765",Y,hours
108,Michelle Henderson,760-30-7356,"9120 Ortega Prairie
Lake Aaron, DE 50555",N,hours
109,Collin Porter,244-49-1738,"027 Ashley Flats Apt. 080
North Melissastad, TX 86945",Y,miles
